7.856209129095077515e-01,6.155840158462524414e-01,4.211166501045227051e-02,3.265219433233141899e+00,7.274641491472721100e+00,8.901405531913042068e+00,4.371864721179008484e-01,5.039618164300918579e+00,6.135342083871364594e-02,-7.764386758208274841e-02,2.438228532671928406e+00,3.225806280970573425e-01,6.470046266913414001e-01,2.907915830612182617e+00,1.364112436771392822e+00,3.261466436088085175e-01,-1.354182511568069458e-01,-1.314604743383824825e-01,5.444788187742233276e+00,4.291720688343048096e-01,4.021743312478065491e+00,4.731099156662821770e+00,-8.970462996512651443e-02,5.002900667954236269e+00,-8.881620012834900990e-02,6.524590924382209778e-01,1.270933449268341064e+00,2.340471801580861211e+00,-4.857013653963804245e-02,-1.443178094923496246e-01,2.273160912096500397e+00,7.833469390869140625e+00,9.546883106231689453e-01,1.141085863113403320e+00,2.240833342075347900e-01,3.049276888370513916e+00,8.851859126240015030e+00,3.759901523590087891e+00,7.961383461952209473e-02,2.919460123404860497e+00,3.081328589469194412e+00,-9.564572572708129883e-02,1.863839663565158844e-01,1.379169896245002747e+00,9.124264419078826904e-01,4.889865326695144176e-01,4.378517478704452515e+00,3.786985091865062714e+00,8.063602730631828308e+00,1.210968259954825044e+00,-7.510644942522048950e-02,-7.345121353864669800e-02,1.696187853813171387e-01,2.466063871979713440e-01,2.641903609037399292e-01,8.697070002555847168e+00,1.170821964740753174e+00,2.130663782358169556e+00,-1.549605200998485088e-01,3.511208482086658478e-01,6.806131929159164429e+00,1.114010214805603027e-01,7.073715372011065483e+00,3.198395863175392151e+00,4.220353352837264538e+00,3.471030294895172119e-01,1.433408806100487709e+00,1.298621267080307007e+00,-2.785842418670654297e-01,6.558823980391025543e+00,4.101961432024836540e+00,-7.252568192780017853e-02,9.280233457684516907e-02,2.325065761804580688e+00,-5.313187465071678162e-02,5.622908733785152435e-01,-8.085542172193527222e-02,5.114462971687316895e-01,-1.027609175071120262e-02,-2.658200263977050781e-02,1.708479579538106918e-01,2.852368913590908051e-02,2.947555109858512878e-02,-8.601244539022445679e-03,1.038123548030853271e+00,-3.716221451759338379e-02,3.630262752994894981e-01,2.813492976129055023e-01,6.477552700787782669e+00,3.421672582626342773e-01,1.379649989306926727e+00,2.334724348038434982e+00,3.099322438240051270e+00,3.114762954413890839e+00,5.775513872504234314e-02,-1.096207499504089355e-01,-6.127245724201202393e-02,-9.246379137039184570e-02,5.902593210339546204e+00,-2.946320921182632446e-03,2.027902603149414062e-01,4.430851936340332031e-01,4.495986923575401306e-02,2.101990189403295517e+00,6.728145778179168701e-01,9.025345452129840851e+00,2.418282426893711090e+00,1.898851081728935242e+00,-1.750078797340393066e-02,7.198966378346085548e-01,-7.097545266151428223e-02,1.423105224967002869e-01,7.688686996698379517e-02,-3.794126212596893311e-02,2.055887058377265930e+00,1.766492649912834167e-01,2.021182216703891754e-01,1.709761773236095905e-02,4.915252950042486191e+00,4.442769927904009819e+00,-1.400015205144882202e-01,6.771827489137649536e-02,2.508684039115905762e+00,-9.739907085895538330e-02,9.667770764790475368e+00,3.206840900005772710e+00,6.931654587388038635e+00,-2.713538203388452530e-01
5.301703419536352158e-01,5.533978044986724854e-01,1.065357401967048645e-01,2.917963545769453049e+00,7.018643207848072052e+00,8.413389027118682861e+00,7.686149217188358307e-01,4.645043611526489258e+00,9.064919129014015198e-02,-1.500112302601337433e-01,2.467506404966115952e+00,6.197834610939025879e-01,1.114265598356723785e+00,3.613965034484863281e+00,1.938134878873825073e+00,5.779948607087135315e-01,-2.279893308877944946e-01,-2.240804870380088687e-01,5.391887962818145752e+00,9.019696116447448730e-01,3.873479142785072327e+00,5.843862622976303101e+00,-1.685755271464586258e-01,4.846544224303215742e+00,-1.950146754097659141e-01,1.173233238980174065e+00,1.120036318898200989e+00,2.023875607585068792e+00,-6.843837071210145950e-02,-2.816836386919021606e-01,2.350595872849225998e+00,7.513203904032707214e+00,1.796291679143905640e+00,9.201789200305938721e-01,4.438641965389251709e-01,3.113496899604797363e+00,8.178070234134793282e+00,3.451250672340393066e+00,1.493601799011230469e-01,2.379282755777239799e+00,2.945530656725168228e+00,-1.755233407020568848e-01,3.323518671095371246e-01,1.946314536035060883e+00,1.524777606129646301e+00,8.264967091381549835e-01,4.378915399312973022e+00,3.940782003104686737e+00,7.467132091522216797e+00,1.195155464811250567e+00,-1.394113898277282715e-01,-1.524548158049583435e-01,3.038629293441772461e-01,4.046572633087635040e-01,4.461617618799209595e-01,8.068546909838914871e+00,1.344489306211471558e+00,1.845804482698440552e+00,-2.461015344597399235e-01,1.440476831048727036e-01,6.683410674333572388e+00,2.208431959152221680e-01,7.083539804443717003e+00,2.804618984460830688e+00,4.027532183565199375e+00,6.149671226739883423e-01,1.594412667676806450e+00,9.624644666910171509e-01,-5.181157588958740234e-01,5.925465300679206848e+00,4.119333479553461075e+00,-1.147222556173801422e-01,1.954491958022117615e-01,2.161987811326980591e+00,-1.094775442034006119e-01,8.728825375437736511e-01,-1.858695112168788910e-01,9.881354570388793945e-01,9.539535618387162685e-03,-4.820984601974487305e-02,3.654252998530864716e-01,6.555332615971565247e-02,1.602350175380706787e-02,-1.892222091555595398e-02,9.015263915061950684e-01,-5.863194912672042847e-02,5.779245891608297825e-01,4.029811602085828781e-01,6.009887671098113060e+00,2.760906405746936798e-01,1.086188718676567078e+00,2.005368210375308990e+00,2.852518975734710693e+00,3.126461148262023926e+00,1.456674672663211823e-01,-2.257743477821350098e-01,-1.169368624687194824e-01,-1.564707756042480469e-01,6.090912073850631714e+00,-4.496450349688529968e-02,5.055562704801559448e-01,4.629798233509063721e-01,1.419227682054042816e-01,2.375649437308311462e+00,6.775908768177032471e-01,8.180013090372085571e+00,2.405862089246511459e+00,1.862597040832042694e+00,-3.342509269714355469e-02,6.134644718840718269e-01,-1.474923491477966309e-01,2.893431186676025391e-01,1.270969882607460022e-01,-7.673310488462448120e-02,2.470757499337196350e+00,2.948956042528152466e-01,3.549209944903850555e-01,1.228946440387517214e-01,4.726267721503973007e+00,4.078260591952130198e+00,-2.512863352894783020e-01,1.275357715785503387e-01,2.419501483440399170e+00,-1.632767170667648315e-01,8.892260411754250526e+00,3.731086010579019785e+00,6.637164667248725891e+00,-5.239290259778499603e-01
3.170094825327396393e-01,5.238774716854095459e-01,1.976097896695137024e-01,2.642915647476911545e+00,6.895502686500549316e+00,8.021450793370604515e+00,9.994017705321311951e-01,4.399937808513641357e+00,1.125064808875322342e-01,-2.146959342062473297e-01,2.391951758414506912e+00,8.817863725125789642e-01,1.398757889866828918e+00,4.118803918361663818e+00,2.392760165035724640e+00,7.544406056404113770e-01,-2.843057662248611450e-01,-2.783244042657315731e-01,5.497048377990722656e+00,1.405975878238677979e+00,3.603730492293834686e+00,6.798178711906075478e+00,-2.340697357431054115e-01,4.777446002699434757e+00,-2.827864647842943668e-01,1.570949574932456017e+00,9.883575364947319031e-01,1.717136622559337411e+00,-5.174792278558015823e-02,-3.790280241519212723e-01,2.471125047653913498e+00,7.149881549179553986e+00,2.511896312236785889e+00,7.609449326992034912e-01,6.457198858261108398e-01,3.238631680607795715e+00,7.665729788132011890e+00,3.173292487859725952e+00,2.261919751763343811e-01,1.906010963022708893e+00,2.787050247192382812e+00,-2.385892868041992188e-01,4.539498835802078247e-01,2.590696349740028381e+00,1.847385823726654053e+00,1.019763596355915070e+00,4.302066087722778320e+00,4.221038654446601868e+00,7.035460591316223145e+00,1.133244162425398827e+00,-1.808551028370857239e-01,-2.148099988698959351e-01,3.904119729995727539e-01,4.965879656374454498e-01,5.921650826930999756e-01,7.610656125470995903e+00,1.314033150672912598e+00,1.612973779439926147e+00,-2.869298569858074188e-01,-2.073358558118343353e-02,6.604541003704071045e+00,3.268036842346191406e-01,7.158515108749270439e+00,2.426709957420825958e+00,3.833075804635882378e+00,7.684922516345977783e-01,1.700550077483057976e+00,6.929239630699157715e-01,-6.784504652023315430e-01,5.362502813339233398e+00,4.101547934114933014e+00,-9.120788425207138062e-02,3.132520951330661774e-01,1.905078202486038208e+00,-1.544580142945051193e-01,9.671519305557012558e-01,-2.580973189324140549e-01,1.458010077476501465e+00,5.481373842485481873e-02,-6.344842910766601562e-02,5.757324444130063057e-01,9.571944922208786011e-02,-1.299383118748664856e-02,-2.380552887916564941e-02,8.134625554084777832e-01,-6.784191355109214783e-02,6.724537657573819160e-01,4.135233648121356964e-01,5.424204165115952492e+00,2.035290319472551346e-01,8.209830522537231445e-01,1.750663567334413528e+00,2.705429911613464355e+00,3.158274427056312561e+00,2.549496367573738098e-01,-3.118595778942108154e-01,-1.593687534332275391e-01,-1.925135552883148193e-01,6.089291825890541077e+00,-1.047495715320110321e-01,8.797017335891723633e-01,4.408473372459411621e-01,2.941651493310928345e-01,2.719232939183712006e+00,6.774501800537109375e-01,7.467373989522457123e+00,2.448804546147584915e+00,1.778944414108991623e+00,-4.852151870727539062e-02,5.396963618695735931e-01,-2.097494304180145264e-01,4.325509965419769287e-01,1.575291976332664490e-01,-1.011752635240554810e-01,2.753089070320129395e+00,3.621018230915069580e-01,4.760543815791606903e-01,2.826977646909654140e-01,4.496745806187391281e+00,3.724992167553864419e+00,-3.295578956604003906e-01,1.735506206750869751e-01,2.284626543521881104e+00,-2.053026705980300903e-01,8.364526666700839996e+00,4.164967373479157686e+00,6.384199947118759155e+00,-7.108760755509138107e-01
1.501862667500972748e-01,5.187335610389709473e-01,3.188960999250411987e-01,2.458241770043969154e+00,6.878545895218849182e+00,7.675271071493625641e+00,1.148708632215857506e+00,4.284955173730850220e+00,1.502837389707565308e-01,-2.688119988888502121e-01,2.251652158796787262e+00,1.101234011352062225e+00,1.521447621285915375e+00,4.425755977630615234e+00,2.723865963518619537e+00,8.633136153221130371e-01,-3.114667683839797974e-01,-2.951933610020205379e-01,5.744209855794906616e+00,1.925503909587860107e+00,3.297348424792289734e+00,7.619838215410709381e+00,-2.827264480292797089e-01,4.758560064248740673e+00,-3.399634539382532239e-01,1.858222055248916149e+00,8.764382451772689819e-01,1.407065039267763495e+00,1.102580688893795013e-02,-4.263903386890888214e-01,2.609911177307367325e+00,6.712657719850540161e+00,3.090756416320800781e+00,6.526810824871063232e-01,8.195804953575134277e-01,3.408975005149841309e+00,7.276775418780744076e+00,2.897878438234329224e+00,3.249131590127944946e-01,1.490497024729847908e+00,2.584655568003654480e+00,-2.845498919486999512e-01,5.565694160759449005e-01,3.300339408218860626e+00,1.926523685455322266e+00,1.094100270420312881e+00,4.148435086011886597e+00,4.614750325679779053e+00,6.724198989570140839e+00,1.068085641367360950e+00,-1.939800009131431580e-01,-2.486539781093597412e-01,4.290808439254760742e-01,5.504572540521621704e-01,7.141328975558280945e-01,7.291049774736166000e+00,1.171060591936111450e+00,1.433077469468116760e+00,-2.938396716490387917e-01,-1.475348751991987228e-01,6.536610946059226990e+00,4.289047718048095703e-01,7.262266187928617001e+00,2.052441835403442383e+00,3.620468806475400925e+00,7.920138090848922729e-01,1.749484399333596230e+00,4.745276421308517456e-01,-7.540668249130249023e-01,4.832585409283638000e+00,4.069488879293203354e+00,4.094727337360382080e-03,4.514106065034866333e-01,1.561752915382385254e+00,-1.817800197750329971e-01,8.917078450322151184e-01,-2.724620271474123001e-01,1.925939023494720459e+00,1.188191617839038372e-01,-7.124775648117065430e-02,7.893493999727070332e-01,1.102876085788011551e-01,-3.532896935939788818e-02,-2.210495620965957642e-02,7.528079152107238770e-01,-6.896649673581123352e-02,6.771406400948762894e-01,3.603205978870391846e-01,4.692316014319658279e+00,1.346726194024085999e-01,5.892025455832481384e-01,1.548407070338726044e+00,2.657191336154937744e+00,3.214079730212688446e+00,3.734344728291034698e-01,-3.550229072570800781e-01,-1.850210279226303101e-01,-2.013444602489471436e-01,5.869276538491249084e+00,-1.620686613023281097e-01,1.284720078110694885e+00,3.740496039390563965e-01,5.009777583181858063e-01,3.118465695530176163e+00,6.649793386459350586e-01,6.850299209356307983e+00,2.528627753257751465e+00,1.678783509880304337e+00,-6.439132988452911377e-02,4.985071015544235706e-01,-2.409855723381042480e-01,5.607446581125259399e-01,1.734029427170753479e-01,-1.054906025528907776e-01,2.897740393877029419e+00,3.936032056808471680e-01,5.777454786002635956e-01,4.665540363639593124e-01,4.240601375699043274e+00,3.380050701205618680e+00,-3.690952882170677185e-01,1.993884816765785217e-01,2.098688185214996338e+00,-2.278654277324676514e-01,8.036988607607781887e+00,4.468230824917554855e+00,6.147545844316482544e+00,-8.206473579630255699e-01
2.706276625394821167e-02,5.257825553417205811e-01,4.723263233900070190e-01,2.371673807501792908e+00,6.937554791569709778e+00,7.339965814724564552e+00,1.244778504595160484e+00,4.273661673069000244e+00,2.252703923732042313e-01,-3.091977983713150024e-01,2.076528869569301605e+00,1.270715989172458649e+00,1.515135988593101501e+00,4.547824203968048096e+00,2.929177276790142059e+00,9.166857078671455383e-01,-3.157679736614227295e-01,-2.732794729527086020e-01,6.089669227600097656e+00,2.442959249019622803e+00,3.002076342701911926e+00,8.329928819090127945e+00,-3.101989924907684326e-01,4.753018555697053671e+00,-3.649263927945867181e-01,2.047127946279942989e+00,7.874998580664396286e-01,1.090924885240383446e+00,1.326559577137231827e-01,-4.227216951549053192e-01,2.739864457398653030e+00,6.202822837978601456e+00,3.520135387778282166e+00,5.833854973316192627e-01,9.589018821716308594e-01,3.602352708578109741e+00,6.968260694295167923e+00,2.607385754585266113e+00,4.569627791643142700e-01,1.126309070736169815e+00,2.334117781370878220e+00,-3.145818710327148438e-01,6.393097601830959320e-01,4.049700275063514709e+00,1.823656842112541199e+00,1.082343885675072670e+00,3.925119936466217041e+00,5.097099751234054565e+00,6.489115923643112183e+00,1.019438925199210644e+00,-1.753791198134422302e-01,-2.481471002101898193e-01,4.266772270202636719e-01,5.980912297964096069e-01,8.116199821233749390e-01,7.073721114546060562e+00,9.832412302494049072e-01,1.313779115676879883e+00,-2.829981455579400063e-01,-2.450948376208543777e-01,6.454710230231285095e+00,5.268943905830383301e-01,7.372249329462647438e+00,1.681098625063896179e+00,3.387458861805498600e+00,6.948352009057998657e-01,1.741199297830462456e+00,2.950830012559890747e-01,-7.542707920074462891e-01,4.310739278793334961e+00,4.034674895927309990e+00,1.664339676499366760e-01,6.146618500351905823e-01,1.156015723943710327e+00,-1.883638221770524979e-01,6.951341889798641205e-01,-2.171535734087228775e-01,2.379530966281890869e+00,1.973881053272634745e-01,-7.089579105377197266e-02,9.918110826984047890e-01,1.109933387488126755e-01,-3.617705777287483215e-02,-1.531142741441726685e-02,7.020348906517028809e-01,-6.593899428844451904e-02,6.175716645084321499e-01,2.809672281146049500e-01,3.828574996441602707e+00,7.616059854626655579e-02,3.889826908707618713e-01,1.379340019077062607e+00,2.691297829151153564e+00,3.291633367538452148e+00,4.864392839372158051e-01,-3.522857427597045898e-01,-1.926551014184951782e-01,-1.831805109977722168e-01,5.441883087158203125e+00,-2.007731944322586060e-01,1.671360999345779419e+00,2.704304456710815430e-01,7.599187530577182770e-01,3.546978540718555450e+00,6.337278783321380615e-01,6.303264565765857697e+00,2.625461503863334656e+00,1.586070470511913300e+00,-8.250620961189270020e-02,4.803026923909783363e-01,-2.266670763492584229e-01,6.629706323146820068e-01,1.787217110395431519e-01,-8.775521814823150635e-02,2.917547971010208130e+00,4.087305292487144470e-01,6.657821573317050934e-01,6.474101385101675987e-01,3.968420747667551041e+00,3.042641350024496205e+00,-3.618759885430335999e-01,2.012642771005630493e-01,1.866485357284545898e+00,-2.334763258695602417e-01,7.857054889202117920e+00,4.614361962303519249e+00,5.903794437646865845e+00,-8.571463935077190399e-01
-5.941230989992618561e-02,5.313367247581481934e-01,6.574908792972564697e-01,2.385072352364659309e+00,7.029828645288944244e+00,6.991202708333730698e+00,1.323083935305476189e+00,4.327801138162612915e+00,3.585981242358684540e-01,-3.327997308224439621e-01,1.886804029345512390e+00,1.383042093366384506e+00,1.416432544589042664e+00,4.502751052379608154e+00,3.006770774722099304e+00,9.280917942523956299e-01,-3.005781918764114380e-01,-2.078263747971504927e-01,6.460399389266967773e+00,2.941188365221023560e+00,2.727360107004642487e+00,8.921557730063796043e+00,-3.114966824650764465e-01,4.721904851496219635e+00,-3.605197201250120997e-01,2.150268625468015671e+00,7.288085781037807465e-01,7.778940693242475390e-01,3.303619874641299248e-01,-3.707571178674697876e-01,2.840363048017024994e+00,5.646810989826917648e+00,3.785776883363723755e+00,5.422706305980682373e-01,1.061916083097457886e+00,3.791625440120697021e+00,6.687370656058192253e+00,2.299569010734558105e+00,6.304829716682434082e-01,8.120899982750415802e-01,2.042273122817277908e+00,-3.312443494796752930e-01,6.989300027489662170e-01,4.790695615112781525e+00,1.602189928293228149e+00,1.017967633903026581e+00,3.643307268619537354e+00,5.623179800808429718e+00,6.282547712326049805e+00,9.857178963720798492e-01,-1.216546148061752319e-01,-2.103213220834732056e-01,3.943580389022827148e-01,6.742866933345794678e-01,8.747988119721412659e-01,6.914611121639609337e+00,7.957511544227600098e-01,1.269507169723510742e+00,-2.682879799976944923e-01,-3.179622963070869446e-01,6.336574599146842957e+00,6.203467845916748047e-01,7.474414433352649212e+00,1.322098076343536377e+00,3.143126065842807293e+00,5.104184895753860474e-01,1.683055192232131958e+00,1.462805718183517456e-01,-6.930538415908813477e-01,3.787527635693550110e+00,3.993044482544064522e+00,3.895558640360832214e-01,8.068146817386150360e-01,7.279510200023651123e-01,-1.718644555658102036e-01,4.243621043860912323e-01,-8.570146746933460236e-02,2.792130827903747559e+00,2.927819252945482731e-01,-6.188023090362548828e-02,1.170113053172826767e+00,1.104667130857706070e-01,-7.312385365366935730e-03,-6.001032888889312744e-03,6.490023136138916016e-01,-6.131205335259437561e-02,5.156801533885300159e-01,2.020551599562168121e-01,2.890101578086614609e+00,3.101897798478603363e-02,2.177625894546508789e-01,1.229804787784814835e+00,2.777842164039611816e+00,3.377601310610771179e+00,5.788514129817485809e-01,-3.041552603244781494e-01,-1.831615567207336426e-01,-1.369785368442535400e-01,4.853287488222122192e+00,-2.083578407764434814e-01,1.986262395977973938e+00,1.477830410003662109e-01,1.068975888192653656e+00,3.959931623190641403e+00,5.806825459003448486e-01,5.814514525234699249e+00,2.719596795737743378e+00,1.515843939036130905e+00,-1.025246679782867432e-01,4.722365082707256079e-01,-1.534796357154846191e-01,7.322108745574951172e-01,1.791562959551811218e-01,-4.733227938413619995e-02,2.837749615311622620e+00,4.280335158109664917e-01,7.424422688782215118e-01,8.021573605947196484e-01,3.682828232645988464e+00,2.712929995905142277e+00,-2.977461665868759155e-01,1.796507388353347778e-01,1.604617178440093994e+00,-2.236390411853790283e-01,7.755552425049245358e+00,4.597532507032155991e+00,5.628483504056930542e+00,-8.290536627173423767e-01
-1.188018023967742920e-01,5.237395167350769043e-01,8.708923161029815674e-01,2.492771560326218605e+00,7.094184920191764832e+00,6.612794645130634308e+00,1.424092806875705719e+00,4.394642055034637451e+00,5.726601295173168182e-01,-3.371292706578969955e-01,1.696461036801338196e+00,1.433346271514892578e+00,1.260921120643615723e+00,4.307743787765502930e+00,2.958161316812038422e+00,9.110387638211250305e-01,-2.647480368614196777e-01,-9.188218554481863976e-02,6.754013240337371826e+00,3.406306594610214233e+00,2.452611088752746582e+00,9.346602138131856918e+00,-2.817624881863594055e-01,4.620727524161338806e+00,-3.313764980994164944e-01,2.183351290412247181e+00,7.121013626456260681e-01,4.896893419791013002e-01,6.250126548111438751e-01,-2.757356949150562286e-01,2.903919652104377747e+00,5.087539307773113251e+00,3.876569360494613647e+00,5.217096209526062012e-01,1.132778137922286987e+00,3.944350391626358032e+00,6.373522038338705897e+00,1.991068094968795776e+00,8.507732897996902466e-01,5.550083313137292862e-01,1.719878401607275009e+00,-3.379409313201904297e-01,7.332899309694766998e-01,5.447935141623020172e+00,1.319809213280677795e+00,9.303939305245876312e-01,3.313808590173721313e+00,6.123153373599052429e+00,6.051729112863540649e+00,9.489411553367972374e-01,-2.903386205434799194e-02,-1.333448439836502075e-01,3.458823263645172119e-01,8.152020573616027832e-01,8.902747556567192078e-01,6.758440306410193443e+00,6.388215720653533936e-01,1.319846689701080322e+00,-2.597887143492698669e-01,-3.602232970297336578e-01,6.159454107284545898e+00,7.088762521743774414e-01,7.558858900330960751e+00,9.918987005949020386e-01,2.904331089928746223e+00,2.911892384290695190e-01,1.593364786356687546e+00,2.337194979190826416e-02,-5.846852064132690430e-01,3.273666664958000183e+00,3.923361729830503464e+00,6.698769070208072662e-01,1.030173599720001221e+00,3.316726684570312500e-01,-1.298765391111373901e-01,1.228154078125953674e-01,1.262285392731428146e-01,3.126597225666046143e+00,4.154579271562397480e-01,-4.383903741836547852e-02,1.315975207369774580e+00,1.291080182418227196e-01,5.418379977345466614e-02,3.006145358085632324e-03,5.895488858222961426e-01,-5.565685406327247620e-02,3.931442154571413994e-01,1.409691907465457916e-01,1.973540782928466797e+00,-3.338344395160675049e-04,7.626344263553619385e-02,1.094803750514984131e+00,2.874926149845123291e+00,3.445530965924263000e+00,6.377666257321834564e-01,-2.122030258178710938e-01,-1.594593077898025513e-01,-6.056672334671020508e-02,4.178396418690681458e+00,-1.748594269156455994e-01,2.178255677223205566e+00,3.109103441238403320e-02,1.427363011986017227e+00,4.291406642645597458e+00,5.082299113273620605e-01,5.386028811335563660e+00,2.793717147782444954e+00,1.475393373519182205e+00,-1.207479238510131836e-01,4.620596495224162936e-01,-9.260624647140502930e-03,7.688928321003913879e-01,1.841993927955627441e-01,1.625899970531463623e-02,2.691039919853210449e+00,4.713789969682693481e-01,8.097033612430095673e-01,9.138516280800104141e-01,3.377209998667240143e+00,2.391058589913882315e+00,-1.668233275413513184e-01,1.395694315433502197e-01,1.343457758426666260e+00,-1.995107680559158325e-01,7.640088137239217758e+00,4.436569739133119583e+00,5.297755241394042969e+00,-7.449201969429850578e-01
-1.608626712113618851e-01,4.957323074340820312e-01,1.106679007411003113e+00,2.676733050495386124e+00,7.061008796095848083e+00,6.196525473147630692e+00,1.587002947926521301e+00,4.412522941827774048e+00,8.886654395610094070e-01,-3.204658105969429016e-01,1.516817990690469742e+00,1.421372517943382263e+00,1.080049522221088409e+00,3.977740526199340820e+00,2.792553231120109558e+00,8.773498460650444031e-01,-2.046734988689422607e-01,8.018413977697491646e-02,6.858187854290008545e+00,3.831178128719329834e+00,2.143249750137329102e+00,9.528841791674494743e+00,-2.179247513413429260e-01,4.404705013148486614e+00,-2.834702734835445881e-01,2.165056523866951466e+00,7.510676123201847076e-01,2.548048275057226419e-01,1.035626145079731941e+00,-1.463574785739183426e-01,2.934029422700405121e+00,4.571157887578010559e+00,3.790827721357345581e+00,5.164412856101989746e-01,1.180906385183334351e+00,4.027237534523010254e+00,5.970253975363448262e+00,1.711995005607604980e+00,1.120988763868808746e+00,3.679960798472166061e-01,1.377891372889280319e+00,-3.381659984588623047e-01,7.434351034462451935e-01,5.932225167751312256e+00,1.024266213178634644e+00,8.414185978472232819e-01,2.945420354604721069e+00,6.512908920645713806e+00,5.745460540056228638e+00,8.841800354421138763e-01,1.056209728121757507e-01,-1.650361716747283936e-02,2.958794832229614258e-01,1.053143590688705444e+00,8.476319760084152222e-01,6.546367634087800980e+00,5.324279069900512695e-01,1.483505487442016602e+00,-2.627597860991954803e-01,-3.576072957366704941e-01,5.900515630841255188e+00,7.929857373237609863e-01,7.619513422250747681e+00,7.088391780853271484e-01,2.689981197938323021e+00,9.624874591827392578e-02,1.498147757723927498e+00,-7.592654228210449219e-02,-4.431908130645751953e-01,2.795723080635070801e+00,3.795469870790839195e+00,1.005684439092874527e+00,1.285182323306798935e+00,2.418774366378784180e-02,-6.199637055397033691e-02,-1.718987748026847839e-01,4.220246914774179459e-01,3.345142245292663574e+00,5.828003780916333199e-01,-1.714044809341430664e-02,1.426261124666780233e+00,1.865113200619816780e-01,1.453893296420574188e-01,9.282492101192474365e-03,5.270034074783325195e-01,-4.761681705713272095e-02,2.725767008960247040e-01,1.077932640910148621e-01,1.192849492654204369e+00,-1.884818449616432190e-02,-3.139226883649826050e-02,9.763230271637439728e-01,2.935898721218109131e+00,3.462932318449020386e+00,6.551027745008468628e-01,-7.917484641075134277e-02,-1.262256056070327759e-01,4.749757051467895508e-02,3.504260286688804626e+00,-9.366814792156219482e-02,2.207766950130462646e+00,-5.332040786743164062e-02,1.834224708378314972e+00,4.466929666697978973e+00,4.244553148746490479e-01,5.027476556599140167e+00,2.834277887828648090e+00,1.467395462095737457e+00,-1.309027075767517090e-01,4.407172304254345363e-01,2.147614359855651855e-01,7.810773774981498718e-01,2.066379934549331665e-01,1.035136580467224121e-01,2.511702880263328552e+00,5.562724247574806213e-01,8.706511296331882477e-01,9.738045902922749519e-01,3.040252745151519775e+00,2.077433485770598054e+00,3.357938677072525024e-02,8.965320140123367310e-02,1.121028602123260498e+00,-1.623166203498840332e-01,7.409166004508733749e+00,4.171518338844180107e+00,4.893580943346023560e+00,-6.125216530635952950e-01
-1.927484869956970215e-01,4.445513784885406494e-01,1.360312104225158691e+00,2.902064951136708260e+00,6.886667303740978241e+00,5.742658488452434540e+00,1.837915847077965736e+00,4.329991966485977173e+00,1.318687118589878082e+00,-2.816154472529888153e-01,1.358311679214239120e+00,1.351946882903575897e+00,8.983701467514038086e-01,3.529918313026428223e+00,2.528317861258983612e+00,8.339967206120491028e-01,-1.219281703233718872e-01,3.068226892501115799e-01,6.700458109378814697e+00,4.219214320182800293e+00,1.774950705468654633e+00,9.414443461224436760e+00,-1.212185975164175034e-01,4.049847239162772894e+00,-2.251341540832072496e-01,2.111336726695299149e+00,8.550484105944633484e-01,9.235850302502512932e-02,1.568032098934054375e+00,2.734635025262832642e-03,2.929901536554098129e+00,4.126990113407373428e+00,3.540283799171447754e+00,5.192884802818298340e-01,1.217158943414688110e+00,4.018963336944580078e+00,5.447233410784974694e+00,1.485944688320159912e+00,1.443039238452911377e+00,2.559601776301860809e-01,1.029274739325046539e+00,-3.344768881797790527e-01,7.335120998322963715e-01,6.181827127933502197e+00,7.506859004497528076e-01,7.625524252653121948e-01,2.548009842634201050e+00,6.728651016950607300e+00,5.332143224775791168e+00,7.744204499758780003e-01,2.830280959606170654e-01,1.383114606142044067e-01,2.577331364154815674e-01,1.406320169568061829e+00,7.447818368673324585e-01,6.240160357207059860e+00,4.834405183792114258e-01,1.766904056072235107e+00,-2.770562004297971725e-01,-3.023492507636547089e-01,5.540966466069221497e+00,8.754203319549560547e-01,7.659293153323233128e+00,4.859087765216827393e-01,2.512036744505167007e+00,-3.068356215953826904e-02,1.417788095772266388e+00,-1.528478115797042847e-01,-2.840253114700317383e-01,2.374639153480529785e+00,3.591794138774275780e+00,1.390897527337074280e+00,1.570363514125347137e+00,-1.600504815578460693e-01,2.494759857654571533e-02,-4.315071776509284973e-01,8.049761839210987091e-01,3.427824378013610840e+00,8.150770841166377068e-01,1.568144559860229492e-02,1.498389794491231441e+00,2.866662247106432915e-01,2.547656763345003128e-01,1.139433681964874268e-02,4.656815528869628906e-01,-3.432431817054748535e-02,1.748548196628689766e-01,1.062919050455093384e-01,6.267367796972393990e-01,-2.578924968838691711e-02,-1.029070541262626648e-01,8.733539022505283356e-01,2.926667153835296631e+00,3.410836324095726013e+00,6.294087618589401245e-01,8.965396881103515625e-02,-8.939474821090698242e-02,1.840908229351043701e-01,2.896041005849838257e+00,3.499481081962585449e-02,2.058982685208320618e+00,-8.734059333801269531e-02,2.285501196980476379e+00,4.438304893672466278e+00,3.422443270683288574e-01,4.741566173732280731e+00,2.830688871443271637e+00,1.494383841753005981e+00,-1.288042068481445312e-01,4.038797687971964478e-01,5.191237628459930420e-01,7.786596268415451050e-01,2.589670121669769287e-01,2.142942324280738831e-01,2.327094897627830505e+00,6.958934739232063293e-01,9.287008941173553467e-01,9.821573053486645222e-01,2.668046452105045319e+00,1.774710076162591577e+00,2.872228994965553284e-01,4.038089513778686523e-02,9.630795121192932129e-01,-1.134738624095916748e-01,6.996602557599544525e+00,3.846918608993291855e+00,4.410953670740127563e+00,-4.408499356359243393e-01
-2.170517519116401672e-01,3.703241944313049316e-01,1.631378531455993652e+00,3.119321350008249283e+00,6.584775023162364960e+00,5.261525627225637436e+00,2.178202847018837929e+00,4.125490158796310425e+00,1.856253813952207565e+00,-2.201003395020961761e-01,1.229799341410398483e+00,1.233596265316009521e+00,7.317260280251502991e-01,2.990145683288574219e+00,2.191472917795181274e+00,7.801131457090377808e-01,-2.983428537845611572e-02,5.740161752328276634e-01,6.291401028633117676e+00,4.585329234600067139e+00,1.352932661771774292e+00,9.022077254951000214e+00,2.949833869934082031e-04,3.572400072123855352e+00,-1.673631046433001757e-01,2.028553689830005169e+00,1.022219058126211166e+00,-2.158763818442821503e-03,2.203929523006081581e+00,1.491621527820825577e-01,2.872933238744735718e+00,3.753230284899473190e+00,3.150607153773307800e+00,5.162391364574432373e-01,1.248585164546966553e+00,3.921311020851135254e+00,4.817508694715797901e+00,1.310911685228347778e+00,1.816845923662185669e+00,2.032594755291938782e-01,6.919922828674316406e-01,-3.280450701713562012e-01,7.091452963650226593e-01,6.199769198894500732e+00,5.204136520624160767e-01,6.945129521191120148e-01,2.136403083801269531e+00,6.759372726082801819e+00,4.815233677625656128e+00,6.223602718673646450e-01,5.009467899799346924e-01,3.248335868120193481e-01,2.407520115375518799e-01,1.869151502847671509e+00,5.905055999755859375e-01,5.843412876129150391e+00,4.822883605957031250e-01,2.155399262905120850e+00,-2.975851930677890778e-01,-2.066051252186298370e-01,5.072135493159294128e+00,9.615131020545959473e-01,7.697823808528482914e+00,3.251775950193405151e-01,2.369814375415444374e+00,-7.901850342750549316e-02,1.354139000177383423e+00,-2.087627500295639038e-01,-1.266205310821533203e-01,2.004998832941055298e+00,3.325188120827078819e+00,1.807238485664129257e+00,1.880682747811079025e+00,-2.312652766704559326e-01,1.138557307422161102e-01,-6.392989754676818848e-01,1.280143830925226212e+00,3.387036800384521484e+00,1.131175678223371506e+00,4.920321702957153320e-02,1.523816534318029881e+00,4.064794871956110001e-01,3.600636813789606094e-01,9.252056479454040527e-03,4.041187763214111328e-01,-1.196906715631484985e-02,1.134296259842813015e-01,1.347886696457862854e-01,2.737785335630178452e-01,-2.223768830299377441e-02,-1.431104689836502075e-01,7.721495628356933594e-01,2.841228365898132324e+00,3.299897119402885437e+00,5.662441775202751160e-01,2.852151989936828613e-01,-5.529685318470001221e-02,3.376172184944152832e-01,2.368482634425163269e+00,2.010489180684089661e-01,1.747244581580162048e+00,-6.891983747482299805e-02,2.770151838660240173e+00,4.214972622692584991e+00,2.766992449760437012e-01,4.513384953141212463e+00,2.773967267014086246e+00,1.561758838593959808e+00,-1.167690753936767578e-01,3.522237257566303015e-01,8.912869393825531006e-01,7.664744928479194641e-01,3.484143614768981934e-01,3.468035086989402771e-01,2.150740221142768860e+00,8.973433747887611389e-01,9.851249530911445618e-01,9.463967652991414070e-01,2.274178851395845413e+00,1.489211770473048091e+00,5.507663711905479431e-01,2.029322087764739990e-03,8.644523024559020996e-01,-5.477441847324371338e-02,6.409481113776564598e+00,3.494895771145820618e+00,3.861741542816162109e+00,-2.433922421187162399e-01
-2.324126008898019791e-01,2.745195627212524414e-01,1.920367255806922913e+00,3.277973784133791924e+00,6.212884701788425446e+00,4.777422700077295303e+00,2.580887233838438988e+00,3.806627810001373291e+00,2.471246130764484406e+00,-1.378015661612153053e-01,1.135208263993263245e+00,1.077047452330589294e+00,5.880077257752418518e-01,2.393911123275756836e+00,1.813860110938549042e+00,7.078277617692947388e-01,5.073474347591400146e-02,8.548996793106198311e-01,5.706897556781768799e+00,4.950493365526199341e+00,9.082302674651145935e-01,8.435451857745647430e+00,1.309060137718915939e-01,3.019740841118618846e+00,-1.210521506145596504e-01,1.913749142549932003e+00,1.236777953803539276e+00,-5.078535899519920349e-02,2.898568918928503990e+00,2.649036608636379242e-01,2.736466046422719955e+00,3.425874844193458557e+00,2.660114958882331848e+00,4.858962893486022949e-01,1.275113642215728760e+00,3.753184288740158081e+00,4.130376248620450497e+00,1.165201693773269653e+00,2.235263876616954803e+00,1.809695884585380554e-01,3.865060769021511078e-01,-3.196949362754821777e-01,6.757365763187408447e-01,6.039305597543716431e+00,3.424804508686065674e-01,6.302435621619224548e-01,1.729285031557083130e+00,6.637039929628372192e+00,4.226238213479518890e+00,4.473703647963702679e-01,7.571133151650428772e-01,5.315909385681152344e-01,2.470770776271820068e-01,2.411160346120595932e+00,4.034824818372726440e-01,5.391399322077631950e+00,5.100926756858825684e-01,2.617340773344039917e+00,-3.165808171033859253e-01,-9.345384500920772552e-02,4.500580325722694397e+00,1.056634664535522461e+00,7.776301994919776917e+00,2.188300788402557373e-01,2.256389291957020760e+00,-6.442975997924804688e-02,1.293731208890676498e+00,-2.457234561443328857e-01,4.226088523864746094e-03,1.663648232817649841e+00,3.028768077492713928e+00,2.220874506980180740e+00,2.201501574367284775e+00,-2.361963689327239990e-01,1.831874102354049683e-01,-7.874792031943798065e-01,1.858018042519688606e+00,3.260271787643432617e+00,1.547198985703289509e+00,7.701265811920166016e-02,1.486466998234391212e+00,5.011618146672844887e-01,4.314393382519483566e-01,3.908671438694000244e-03,3.373584151268005371e-01,2.358060330152511597e-02,8.857328165322542191e-02,1.882534865289926529e-01,7.177132833749055862e-02,-9.507544338703155518e-03,-1.615222170948982239e-01,6.504404023289680481e-01,2.697229802608489990e+00,3.160099223256111145e+00,4.769336953759193420e-01,4.942428469657897949e-01,-2.940815687179565430e-02,4.870797395706176758e-01,1.897988066077232361e+00,3.859799578785896301e-01,1.313056603074073792e+00,-1.027244329452514648e-02,3.267104223370552063e+00,3.853627420961856842e+00,2.398221790790557861e-01,4.320972457528114319e+00,2.658280863834079355e+00,1.675856187939643860e+00,-1.014818251132965088e-01,2.903895303606987000e-01,1.304634958505630493e+00,7.444108277559280396e-01,4.727997779846191406e-01,4.966581165790557861e-01,1.983618795871734619e+00,1.161218099296092987e+00,1.035652495920658112e+00,8.784687523730099201e-01,1.884154230356216431e+00,1.228724696207791567e+00,7.608672678470611572e-01,-1.707526296377182007e-02,7.955371141433715820e-01,1.097169518470764160e-02,5.707186859101057053e+00,3.139908600598573685e+00,3.270070612430572510e+00,-4.103180579841136932e-02
-2.360426830127835274e-01,1.596634089946746826e-01,2.224609062075614929e+00,3.345314137637615204e+00,5.830198608338832855e+00,4.331333816051483154e+00,2.991198897361755371e+00,3.397651642560958862e+00,3.106058761477470398e+00,-4.074508138000965118e-02,1.067055482417345047e+00,8.940701037645339966e-01,4.695773124694824219e-01,1.783435583114624023e+00,1.429899245500564575e+00,6.071777790784835815e-01,1.021114289760589600e-01,1.114436684176325798e+00,5.033786177635192871e+00,5.332103461027145386e+00,4.794032126665115356e-01,7.758776567876338959e+00,2.496972456574440002e-01,2.444359977962449193e+00,-9.249045932665467262e-02,1.761306460946798325e+00,1.468236036598682404e+00,-7.520525110885500908e-02,3.582538725808262825e+00,3.233345560729503632e-01,2.507935162633657455e+00,3.121008448302745819e+00,2.116086527705192566e+00,4.053436517715454102e-01,1.287518322467803955e+00,3.532605797052383423e+00,3.446887108497321606e+00,1.028142541646957397e+00,2.675136916339397430e+00,1.650679297745227814e-01,1.298841387033462524e-01,-3.109687566757202148e-01,6.363339722156524658e-01,5.756102293729782104e+00,2.168454229831695557e-01,5.607980638742446899e-01,1.345083445310592651e+00,6.398998104035854340e+00,3.602875396609306335e+00,2.730177179910242558e-01,1.054815970361232758e+00,7.412362396717071533e-01,2.708050906658172607e-01,2.981426063925027847e+00,2.082448899745941162e-01,4.922265645116567612e+00,5.503180921077728271e-01,3.114847809076309204e+00,-3.266894277185201645e-01,2.433018945157527924e-02,3.850163772702217102e+00,1.161552309989929199e+00,7.957067432813346386e+00,1.546622216701507568e-01,2.171254245564341545e+00,-7.354646921157836914e-03,1.220012068748474121e+00,-2.662100195884704590e-01,8.143985271453857422e-02,1.334449440240859985e+00,2.727630492299795151e+00,2.583143383264541626e+00,2.498231589794158936e+00,-2.287978231906890869e-01,2.177481092512607574e-01,-8.710795082151889801e-01,2.559005439281463623e+00,3.088779568672180176e+00,2.077196817845106125e+00,9.469872713088989258e-02,1.368272136431187391e+00,5.234702518209815025e-01,4.412810206413269043e-01,-3.045909106731414795e-03,2.640421390533447266e-01,7.654107734560966492e-02,8.539540041238069534e-02,2.612708788365125656e-01,-4.543290380388498306e-02,9.485263377428054810e-03,-1.658148616552352905e-01,4.909913465380668640e-01,2.518994510173797607e+00,3.013145267963409424e+00,3.757306709885597229e-01,6.991224884986877441e-01,-1.480776071548461914e-02,6.049309372901916504e-01,1.458953544497489929e+00,5.668690428137779236e-01,8.083050251007080078e-01,7.147961854934692383e-02,3.743746057152748108e+00,3.421323321759700775e+00,2.342340648174285889e-01,4.156160563230514526e+00,2.485030770767480135e+00,1.838592566549777985e+00,-8.824583888053894043e-02,2.249662284739315510e-01,1.722017049789428711e+00,7.107317969202995300e-01,6.169952750205993652e-01,6.557437032461166382e-01,1.819167613983154297e+00,1.482596434652805328e+00,1.067191965878009796e+00,7.911867257207632065e-01,1.519781306385993958e+00,9.979707840830087662e-01,8.555324971675872803e-01,-1.146328449249267578e-02,7.256295084953308105e-01,7.931658625602722168e-02,4.947662191465497017e+00,2.814893117174506187e+00,2.663356304168701172e+00,1.389323491603136063e-01
-2.262125127017498016e-01,3.125873208045959473e-02,2.542207732796669006e+00,3.318836424499750137e+00,5.469936810433864594e+00,3.978062123060226440e+00,3.323461404070258141e+00,2.936310797929763794e+00,3.668084107339382172e+00,6.093392241746187210e-02,9.978054314851760864e-01,6.971817836165428162e-01,3.752502202987670898e-01,1.206508159637451172e+00,1.070601455867290497e+00,4.735832735896110535e-01,1.168110966682434082e-01,1.317538671195507050e+00,4.339197516441345215e+00,5.735913783311843872e+00,1.002891361713409424e-01,7.090034894645214081e+00,3.366785217076539993e-01,1.889393528224900365e+00,-8.077523484826087952e-02,1.571130461059510708e+00,1.668802678585052490e+00,-8.748507779091596603e-02,4.158756634220480919e+00,3.101729657500982285e-01,2.198691662400960922e+00,2.828197047114372253e+00,1.568294778466224670e+00,2.623037099838256836e-01,1.265102982521057129e+00,3.262745290994644165e+00,2.819118241779506207e+00,8.905117809772491455e-01,3.088233031332492828e+00,1.448693759739398956e-01,-6.740255653858184814e-02,-3.031029701232910156e-01,5.885104425251483917e-01,5.377655014395713806e+00,1.374618411064147949e-01,4.819538965821266174e-01,1.000047981739044189e+00,6.063614241778850555e+00,2.973411545157432556e+00,1.185761252418160439e-01,1.406611949205398560e+00,9.288431704044342041e-01,3.018085658550262451e-01,3.511924494057893753e+00,2.991738915443420410e-02,4.460741754621267319e+00,5.922753810882568359e-01,3.607884585857391357e+00,-3.231584113091230392e-01,1.535873617976903915e-01,3.160300880670547485e+00,1.268602669239044189e+00,8.315359159372746944e+00,1.203488856554031372e-01,2.126322835683822632e+00,7.964350283145904541e-02,1.117421586066484451e+00,-2.721725404262542725e-01,8.645164966583251953e-02,1.018590718507766724e+00,2.419074453413486481e+00,2.833289943635463715e+00,2.705120686441659927e+00,-2.459787428379058838e-01,2.152652367949485779e-01,-8.827083855867385864e-01,3.414047405123710632e+00,2.902283906936645508e+00,2.731727087870240211e+00,1.010738611221313477e-01,1.161151343490928411e+00,4.454967109486460686e-01,3.799466975033283234e-01,-1.005682349205017090e-02,1.884715557098388672e-01,1.517171636223793030e-01,7.850811630487442017e-02,3.505844660103321075e-01,-1.170686110854148865e-01,2.831931784749031067e-02,-1.595471873879432678e-01,2.921122312545776367e-01,2.327167749404907227e+00,2.852872729301452637e+00,2.761557996273040771e-01,8.765453696250915527e-01,-1.100015640258789062e-02,6.631252765655517578e-01,1.045251369476318359e+00,7.182095646858215332e-01,2.883453369140625000e-01,1.640512347221374512e-01,4.157999441027641296e+00,2.972428746521472931e+00,2.488308548927307129e-01,4.032022900879383087e+00,2.267965017817914486e+00,2.043315172195434570e+00,-7.846525311470031738e-02,1.623384752310812473e-01,2.103018134832382202e+00,6.608403250575065613e-01,7.490161955356597900e-01,8.107043355703353882e-01,1.644121609628200531e+00,1.853383660316467285e+00,1.056130915880203247e+00,6.950058145448565483e-01,1.188441101461648941e+00,7.952916817739605904e-01,8.005376011133193970e-01,2.165056020021438599e-02,6.409227252006530762e-01,1.442987918853759766e-01,4.162213623523712158e+00,2.564628452062606812e+00,2.067959427833557129e+00,2.704829387366771698e-01
-2.038135640323162079e-01,-9.788984060287475586e-02,2.881840422749519348e+00,3.227979529649019241e+00,5.139089442789554596e+00,3.776202112436294556e+00,3.462008856236934662e+00,2.479727745056152344e+00,4.029447436332702637e+00,1.547887260094285011e-01,8.757075928151607513e-01,5.013919174671173096e-01,3.014771863818168640e-01,7.161701917648315430e-01,7.581085041165351868e-01,3.164452761411666870e-01,9.931577742099761963e-02,1.441597422584891319e+00,3.672882854938507080e+00,6.156527012586593628e+00,-2.031188830733299255e-01,6.511548690497875214e+00,3.807215597480535507e-01,1.387945733033120632e+00,-7.908950187265872955e-02,1.358504835981875658e+00,1.773628890514373779e+00,-9.163555596023797989e-02,4.503881799057126045e+00,2.347663398832082748e-01,1.838761989027261734e+00,2.549722604453563690e+00,1.062432020902633667e+00,7.114756107330322266e-02,1.176769316196441650e+00,2.929452687501907349e+00,2.279532852582633495e+00,7.526582777500152588e-01,3.401288516819477081e+00,1.198314651846885681e-01,-2.016529925167560577e-01,-2.944326400756835938e-01,5.225275531411170959e-01,4.902422755956649780e+00,9.453359246253967285e-02,3.995448946952819824e-01,7.084061801433563232e-01,5.629686444997787476e+00,2.352702677249908447e+00,-3.093709703534841537e-03,1.827888637781143188e+00,1.062188118696212769e+00,3.335368633270263672e-01,3.926826499402523041e+00,-1.104494631290435791e-01,4.019931351765990257e+00,6.262948811054229736e-01,4.051072508096694946e+00,-3.046672623604536057e-01,3.134608343243598938e-01,2.479933768510818481e+00,1.362486779689788818e+00,8.909573400393128395e+00,1.049871146678924561e-01,2.139559483155608177e+00,1.921622306108474731e-01,9.675664827227592468e-01,-2.634279727935791016e-01,2.512621879577636719e-02,7.292613834142684937e-01,2.069919157773256302e+00,2.908777210861444473e+00,2.722944889217615128e+00,-2.939736247062683105e-01,1.858887076377868652e-01,-8.102697245776653290e-01,4.447161491960287094e+00,2.716622352600097656e+00,3.507348025217652321e+00,9.755188226699829102e-02,8.835427993908524513e-01,2.778529226779937744e-01,2.743326425552368164e-01,-1.592025905847549438e-02,1.177346110343933105e-01,2.556900270283222198e-01,4.330144822597503662e-02,4.572818949818611145e-01,-1.581599190831184387e-01,3.584533929824829102e-02,-1.443869918584823608e-01,7.345001399517059326e-02,2.138728916645050049e+00,2.643720597028732300e+00,1.880233660340309143e-01,9.965331256389617920e-01,-1.416449248790740967e-02,6.422309279441833496e-01,6.712529212236404419e-01,8.125918135046958923e-01,-1.860451847314834595e-01,2.682878375053405762e-01,4.471452280879020691e+00,2.545184649527072906e+00,2.585422694683074951e-01,3.969711825251579285e+00,2.039402959868311882e+00,2.276346959173679352e+00,-7.081937789916992188e-02,1.072701178491115570e-01,2.417868137359619141e+00,5.843741521239280701e-01,8.193652629852294922e-01,9.435784295201301575e-01,1.437943108379840851e+00,2.268746025860309601e+00,9.712868407368659973e-01,5.965456459671258926e-01,8.813104927539825439e-01,6.121568195521831512e-01,6.131057664752006531e-01,8.348536491394042969e-02,5.539776682853698730e-01,1.991994082927703857e-01,3.367267074063420296e+00,2.431882794946432114e+00,1.511741787195205688e+00,3.408615477383136749e-01
-1.725783823058009148e-01,-2.045931220054626465e-01,3.263771161437034607e+00,3.135596115142107010e+00,4.847689457237720490e+00,3.765993870794773102e+00,3.296541320160031319e+00,2.105146497488021851e+00,4.069744486361742020e+00,2.281423751264810562e-01,6.418621800839900970e-01,3.253187760710716248e-01,2.432498633861541748e-01,3.663817644119262695e-01,5.037137269973754883e-01,1.626225113868713379e-01,6.508298218250274658e-02,1.494830876588821411e+00,3.082353949546813965e+00,6.601587533950805664e+00,-4.142811447381973267e-01,6.060128234326839447e+00,3.841117508709430695e-01,9.646459517534822226e-01,-7.886345544829964638e-02,1.165419064462184906e+00,1.721346002072095871e+00,-8.830308262258768082e-02,4.512337286025285721e+00,1.319931298494338989e-01,1.465273454785346985e+00,2.288541488349437714e+00,6.348861157894134521e-01,-1.184902489185333252e-01,9.943995177745819092e-01,2.517653971910476685e+00,1.835902228951454163e+00,6.196381151676177979e-01,3.547996267676353455e+00,9.324101731181144714e-02,-2.756957411766052246e-01,-2.788715958595275879e-01,4.258041158318519592e-01,4.326620027422904968e+00,7.612654566764831543e-02,3.310300037264823914e-01,4.818247556686401367e-01,5.100062042474746704e+00,1.748603641986846924e+00,-8.573361160233616829e-02,2.305952008813619614e+00,1.115070015192031860e+00,3.704693317413330078e-01,4.182694725692272186e+00,-2.003465443849563599e-01,3.615878632292151451e+00,6.371223926544189453e-01,4.395796328783035278e+00,-2.729348912835121155e-01,5.146216843277215958e-01,1.856940999627113342e+00,1.432096600532531738e+00,9.694910262711346149e+00,9.925472736358642578e-02,2.211586089804768562e+00,3.295578062534332275e-01,7.537868805229663849e-01,-2.352690398693084717e-01,-6.342160701751708984e-02,4.836217015981674194e-01,1.635291673243045807e+00,2.775857388973236084e+00,2.450641259551048279e+00,-3.444871902465820312e-01,1.461669616401195526e-01,-6.382377333939075470e-01,5.608167011290788651e+00,2.547219336032867432e+00,4.354624770581722260e+00,8.784306049346923828e-02,5.893839676864445210e-01,7.682491280138492584e-02,1.984561402350664139e-01,-1.985736191272735596e-02,5.834108591079711914e-02,3.990604206919670105e-01,-2.953431149944663048e-02,5.907969884574413300e-01,-1.726967208087444305e-01,1.881299912929534912e-02,-1.226249039173126221e-01,-1.238766983151435852e-01,1.975004136562347412e+00,2.345038503408432007e+00,1.163323596119880676e-01,1.032127499580383301e+00,-1.909889280796051025e-02,5.420500040054321289e-01,3.626177310943603516e-01,8.304864540696144104e-01,-5.475608855485916138e-01,4.054076671600341797e-01,4.689685426652431488e+00,2.161073669791221619e+00,2.329959869384765625e-01,3.963306076824665070e+00,1.853771910071372986e+00,2.532390356063842773e+00,-6.333965063095092773e-02,6.251059472560882568e-02,2.676623404026031494e+00,4.695056825876235962e-01,7.754652947187423706e-01,1.041782140731811523e+00,1.180401563644409180e+00,2.745260909199714661e+00,7.887014821171760559e-01,4.989420268684625626e-01,5.810798481106758118e-01,4.371299748308956623e-01,3.687602877616882324e-01,1.756791174411773682e-01,5.056922435760498047e-01,2.373779714107513428e-01,2.588047079741954803e+00,2.426350936293601990e+00,1.026049494743347168e+00,3.574256710708141327e-01
-1.374978916719555855e-01,-2.594032287597656250e-01,3.696161448955535889e+00,3.151847761124372482e+00,4.675432965159416199e+00,3.929362878203392029e+00,2.818939052522182465e+00,1.894399255514144897e+00,3.793122261762619019e+00,2.688722927123308182e-01,2.868573293089866638e-01,1.861315071582794189e-01,1.949048489332199097e-01,2.020257711410522461e-01,3.090372756123542786e-01,4.600510001182556152e-02,3.677956759929656982e-02,1.537937615066766739e+00,2.627733290195465088e+00,7.153730124235153198e+00,-5.277236476540565491e-01,5.651806965470314026e+00,3.581920377910137177e-01,6.336150371935218573e-01,-7.396484864875674248e-02,1.068737485911697149e+00,1.510072391480207443e+00,-7.806735439226031303e-02,4.219903381541371346e+00,4.431463778018951416e-02,1.109603345394134521e+00,2.026057541370391846e+00,3.082083314657211304e-01,-2.359863221645355225e-01,7.243478596210479736e-01,2.052654385566711426e+00,1.467766070738434792e+00,4.976432025432586670e-01,3.553009688854217529e+00,6.808471307158470154e-02,-2.976779900491237640e-01,-2.464780807495117188e-01,2.973141334950923920e-01,3.705043777823448181e+00,6.937974691390991211e-02,3.002639636397361755e-01,3.273438215255737305e-01,4.534254886209964752e+00,1.179027661681175232e+00,-1.295720678754150867e-01,2.735331885516643524e+00,1.106092542409896851e+00,4.295013248920440674e-01,4.359440829604864120e+00,-2.386125028133392334e-01,3.294479442760348320e+00,6.031121909618377686e-01,4.609292954206466675e+00,-2.312104441225528717e-01,7.249660063534975052e-01,1.324324309825897217e+00,1.497426092624664307e+00,1.035175517387688160e+01,9.530271589756011963e-02,2.281364895403385162e+00,4.907800108194351196e-01,4.903106540441513062e-01,-1.755899935960769653e-01,-1.205388307571411133e-01,2.980353236198425293e-01,1.109135739505290985e+00,2.486961267888545990e+00,1.872954428195953369e+00,-3.460319042205810547e-01,1.095363050699234009e-01,-3.475846387445926666e-01,6.630835447460412979e+00,2.443809151649475098e+00,5.115713195875287056e+00,7.954734563827514648e-02,3.519863300025463104e-01,-7.530112750828266144e-02,2.623016312718391418e-01,-2.144436538219451904e-02,1.437652111053466797e-02,6.003890521824359894e-01,-1.182169378735125065e-01,7.771955821663141251e-01,-1.634794361889362335e-01,-2.706703171133995056e-02,-9.752033650875091553e-02,-2.475989833474159241e-01,1.876925945281982422e+00,1.971234768629074097e+00,6.223017722368240356e-02,9.913241267204284668e-01,-2.173151075839996338e-02,3.898761868476867676e-01,1.409759968519210815e-01,7.884965091943740845e-01,-7.354703098535537720e-01,6.213980913162231445e-01,4.938965491950511932e+00,1.813651815056800842e+00,1.587729454040527344e-01,3.921426683664321899e+00,1.781340150162577629e+00,2.851114876568317413e+00,-5.485701560974121094e-02,2.911915630102157593e-02,2.977723747491836548e+00,3.184257894754409790e-01,6.017608046531677246e-01,1.124888464808464050e+00,8.722464069724082947e-01,3.356716923415660858e+00,5.243479833006858826e-01,4.028693325817584991e-01,2.849018573760986328e-01,2.668751282617449760e-01,1.742409542202949524e-01,3.031825274229049683e-01,5.535581111907958984e-01,2.528195232152938843e-01,1.873713582754135132e+00,2.473328512161970139e+00,6.372613012790679932e-01,3.389706090092658997e-01
-1.024938505142927170e-01,-2.394330203533172607e-01,4.141645610332489014e+00,3.446890829131007195e+00,4.836944535374641418e+00,4.160040631890296936e+00,2.214024716988205910e+00,1.908950448036193848e+00,3.437617827206850052e+00,2.655142447911202908e-01,-8.231505379080772400e-02,9.057966619729995728e-02,1.508056372404098511e-01,2.530306577682495117e-01,1.688350960612297058e-01,-1.259848475456237793e-02,3.574633598327636719e-02,1.688635900616645813e+00,2.387041985988616943e+00,8.025566011667251587e+00,-5.408771261572837830e-01,5.020922526717185974e+00,3.124376684427261353e-01,3.952507525100372732e-01,-6.304971454665064812e-02,1.171488997060805559e+00,1.249569498002529144e+00,-6.263035535812377930e-02,3.923078849911689758e+00,-5.906123667955398560e-03,7.877926081418991089e-01,1.704409599304199219e+00,8.891044557094573975e-02,-2.264462113380432129e-01,4.330912530422210693e-01,1.636650413274765015e+00,1.127909725531935692e+00,3.907196819782257080e-01,3.609198398888111115e+00,4.576640203595161438e-02,-2.739787288010120392e-01,-1.843145489692687988e-01,1.616204679012298584e-01,3.214591830968856812e+00,6.208378076553344727e-02,3.218293488025665283e-01,2.457537949085235596e-01,4.093333318829536438e+00,6.875055134296417236e-01,-1.372619089670479298e-01,2.869327429682016373e+00,1.141720071434974670e+00,5.313800871372222900e-01,4.732744168490171432e+00,-2.280650138854980469e-01,3.152668006718158722e+00,5.118763744831085205e-01,4.697707802057266235e+00,-1.825164332985877991e-01,8.447130620479583740e-01,8.903337717056274414e-01,1.631929874420166016e+00,1.016460543125867844e+01,8.674082159996032715e-02,2.192849485203623772e+00,6.729997843503952026e-01,2.562134303152561188e-01,-6.674043834209442139e-02,-1.016525030136108398e-01,1.837652623653411865e-01,5.819666795432567596e-01,2.221292041242122650e+00,1.143373642116785049e+00,-2.520558238029479980e-01,7.949861884117126465e-02,9.721359238028526306e-02,6.927225420251488686e+00,2.523958742618560791e+00,5.482500363141298294e+00,8.357566595077514648e-02,2.253101589158177376e-01,-1.132210297510027885e-01,5.750013533979654312e-01,-2.049263566732406616e-02,-1.282036304473876953e-02,8.887660764157772064e-01,-1.585856545716524124e-01,1.067437181249260902e+00,-1.361027425155043602e-01,-8.126652613282203674e-02,-7.205194234848022461e-02,-2.521165981888771057e-01,1.916398584842681885e+00,1.651204645633697510e+00,2.499412745237350464e-02,9.484096467494964600e-01,-2.056880295276641846e-02,2.375729084014892578e-01,9.450897574424743652e-03,7.649886533617973328e-01,-7.134126722812652588e-01,9.799093604087829590e-01,5.516394309699535370e+00,1.456815965473651886e+00,6.074810028076171875e-02,3.627888679504394531e+00,1.892877422273159027e+00,3.349554821848869324e+00,-4.543402791023254395e-02,7.037190720438957214e-03,3.532104581594467163e+00,1.617554277181625366e-01,3.581129759550094604e-01,1.271722428500652313e+00,5.546443834900856018e-01,4.261087156832218170e+00,2.606363147497177124e-01,3.074293574318289757e-01,3.641360253095626831e-02,1.190837128087878227e-01,1.120727136731147766e-01,4.769861251115798950e-01,7.467876672744750977e-01,2.403680682182312012e-01,1.289886947721242905e+00,2.379110544919967651e+00,3.525927662849426270e-01,2.966267429292201996e-01
-6.908654747530817986e-02,-1.501799523830413818e-01,4.534422338008880615e+00,4.197236727923154831e+00,5.598969131708145142e+00,4.327273104339838028e+00,1.771084228530526161e+00,2.172916352748870850e+00,3.367025855928659439e+00,2.117504673078656197e-01,-2.851164676249027252e-01,3.358072042465209961e-02,1.059689074754714966e-01,5.218883752822875977e-01,7.488830387592315674e-02,-1.849918067455291748e-02,6.203778088092803955e-02,2.060320761054754257e+00,2.428015828132629395e+00,9.482587218284606934e+00,-4.478371366858482361e-01,3.855497449636459351e+00,2.461378872394561768e-01,2.384461833280511200e-01,-4.815884027630090714e-02,1.541071036364883184e+00,1.109362997114658356e+00,-4.411738645285367966e-02,4.055569777265191078e+00,-2.288545668125152588e-02,5.005634352564811707e-01,1.255128942430019379e+00,-2.874991297721862793e-02,-1.004894077777862549e-01,2.098624110221862793e-01,1.406718432903289795e+00,7.671043723821640015e-01,2.923017442226409912e-01,3.996126756072044373e+00,2.660217508673667908e-02,-2.064871862530708313e-01,-9.095901250839233398e-02,5.763376131653785706e-02,3.092472523450851440e+00,4.609286785125732422e-02,3.635566979646682739e-01,2.321861684322357178e-01,3.977695152163505554e+00,3.262463659048080444e-01,-1.110197580419480801e-01,2.437657810747623444e+00,1.375461578369140625e+00,6.788522601127624512e-01,5.640043448656797409e+00,-1.703206151723861694e-01,3.300550574436783791e+00,3.733248710632324219e-01,4.713057458400726318e+00,-1.285366415977478027e-01,7.578051947057247162e-01,5.412119626998901367e-01,1.930665373802185059e+00,8.378588447347283363e+00,6.896263360977172852e-02,1.771071536466479301e+00,8.753407448530197144e-01,1.635464169085025787e-01,9.260095655918121338e-02,-1.453733444213867188e-02,1.317701488733291626e-01,2.018071524798870087e-01,2.206731721758842468e+00,5.145160481333732605e-01,-7.308816909790039062e-02,5.264247208833694458e-02,7.413652352988719940e-01,5.865854024887084961e+00,2.932564258575439453e+00,5.146036170423030853e+00,9.858322143554687500e-02,1.992384810000658035e-01,-3.830173239111900330e-02,1.161666259169578552e+00,-1.685655862092971802e-02,-2.374649047851562500e-02,1.294082112610340118e+00,-9.365944191813468933e-02,1.519031031057238579e+00,-9.755221242085099220e-02,-1.047860719263553619e-01,-4.777348041534423828e-02,-1.283433511853218079e-01,2.172806680202484131e+00,1.573548138141632080e+00,3.333516418933868408e-03,1.010265618562698364e+00,-1.614764332771301270e-02,1.311845183372497559e-01,-4.674179852008819580e-02,8.700859844684600830e-01,-4.975304901599884033e-01,1.517672538757324219e+00,6.749624744057655334e+00,1.032306477427482605e+00,-1.214414834976196289e-02,2.849359378218650818e+00,2.238646656274795532e+00,4.175603866577148438e+00,-3.519594669342041016e-02,-4.435643553733825684e-03,4.548440992832183838e+00,4.598087817430496216e-02,1.487982273101806641e-01,1.586934700608253479e+00,2.907364889979362488e-01,5.638808622956275940e+00,9.720888733863830566e-02,2.106237942352890968e-01,-9.161897748708724976e-02,2.379197068512439728e-02,1.728338971734046936e-01,7.138508558273315430e-01,1.092224121093750000e+00,1.958644688129425049e-01,8.612457029521465302e-01,1.926300480961799622e+00,1.601402461528778076e-01,2.276078090071678162e-01
-3.588666347786784172e-02,-4.539307951927185059e-02,4.854415774345397949e+00,5.453621035441756248e+00,7.036506898701190948e+00,4.420088272541761398e+00,1.642351794987916946e+00,2.664544045925140381e+00,3.775357712060213089e+00,1.155230675358325243e-01,-2.393479850143194199e-01,5.913674831390380859e-03,5.654522776603698730e-02,9.486340284347534180e-01,2.011221647262573242e-02,-1.901715993881225586e-03,7.178924977779388428e-02,2.653556950390338898e+00,2.752691030502319336e+00,1.164538621902465820e+01,-2.600110396742820740e-01,2.106772810220718384e+00,1.470944434404373169e-01,1.493147954461164773e-01,-2.861342765390872955e-02,2.113606822211295366e+00,1.176001101732254028e+00,-2.340066619217395782e-02,4.839672688394784927e+00,-1.853391900658607483e-02,2.408436909317970276e-01,6.694988831877708435e-01,-5.516687035560607910e-02,2.785563468933105469e-02,8.024877309799194336e-02,1.421546846628189087e+00,3.788126576691865921e-01,1.743312478065490723e-01,4.856361217796802521e+00,1.106776669621467590e-02,-1.086672767996788025e-01,-8.256137371063232422e-03,5.676563829183578491e-03,3.433497428894042969e+00,2.187430858612060547e-02,3.070255666971206665e-01,2.778840959072113037e-01,4.271598301827907562e+00,1.088172495365142822e-01,-6.090523395687341690e-02,1.410920172929763794e+00,1.871961370110511780e+00,8.342242538928985596e-01,7.173105116933584213e+00,-8.532875776290893555e-02,3.771358624100685120e+00,1.971953809261322021e-01,4.743041366338729858e+00,-6.864815577864646912e-02,4.479903168976306915e-01,2.525764852762222290e-01,2.431345462799072266e+00,4.967057615518569946e+00,3.989654779434204102e-02,9.960852749645709991e-01,1.105438113212585449e+00,2.568757645785808563e-01,2.548819184303283691e-01,5.737769603729248047e-02,9.260728955268859863e-02,2.448124811053276062e-02,2.543423965573310852e+00,1.373009718954563141e-01,6.896388530731201172e-02,2.583476155996322632e-02,1.575608670711517334e+00,3.388955393806099892e+00,3.729591608047485352e+00,4.117536827921867371e+00,8.805465698242187500e-02,1.710862154141068459e-01,4.858648404479026794e-02,1.863385640084743500e+00,-1.017741858959197998e-02,-1.930391788482666016e-02,1.825209543108940125e+00,9.436778724193572998e-03,2.145373554900288582e+00,-5.196803202852606773e-02,-7.722519338130950928e-02,-2.427285909652709961e-02,5.655531585216522217e-02,2.676682591438293457e+00,1.818556249141693115e+00,-4.371896386146545410e-03,1.222392141819000244e+00,-9.223461151123046875e-03,6.654167175292968750e-02,-4.563395678997039795e-02,1.165854953229427338e+00,-2.063194215297698975e-01,2.176955282688140869e+00,8.703214205801486969e+00,5.319821909070014954e-01,-3.123897314071655273e-02,1.572357803583145142e+00,2.821778550744056702e+00,5.388138040900230408e+00,-2.189454436302185059e-02,-6.371077150106430054e-03,6.014793217182159424e+00,-4.120521247386932373e-03,3.255963325500488281e-02,2.102146588265895844e+00,1.104086786508560181e-01,7.544284723699092865e+00,3.865576535463333130e-02,1.092954296618700027e-01,-8.622616529464721680e-02,-1.068874821066856384e-02,2.060254365205764771e-01,1.033372715115547180e+00,1.524983584880828857e+00,1.163256168365478516e-01,4.894869495183229446e-01,1.082166869193315506e+00,4.507446289062500000e-02,1.280365828424692154e-01
1.690350472927093506e-07,2.980232238769531250e-08,5.143826246261596680e+00,7.103732056915760040e+00,9.002740874886512756e+00,4.548119585961103439e+00,1.791793540120124817e+00,3.320900738239288330e+00,4.618389163166284561e+00,2.478482201695442200e-07,5.587935447692871094e-08,3.427267074584960938e-07,-4.470348358154296875e-08,1.446709990501403809e+00,-7.450580596923828125e-08,-2.235174179077148438e-07,2.384185791015625000e-07,3.357821036130189896e+00,3.304998159408569336e+00,1.444469243288040161e+01,8.940696716308593750e-08,2.607703208923339844e-08,-2.607703208923339844e-08,1.169706043801852502e-01,-2.514570951461791992e-08,2.720681653358042240e+00,1.414822064340114594e+00,-2.887099981307983398e-08,6.196104038506746292e+00,1.862645149230957031e-08,-1.490116119384765625e-08,3.501772880554199219e-07,-2.533197402954101562e-07,1.788139343261718750e-07,-2.980232238769531250e-08,1.634638100862503052e+00,-7.823109626770019531e-08,-1.192092895507812500e-07,6.131502144038677216e+00,1.415610313415527344e-07,8.940696716308593750e-08,-7.748603820800781250e-07,-4.842877388000488281e-08,4.167911827564239502e+00,-6.258487701416015625e-07,4.246830940246582031e-07,3.734792470932006836e-01,4.923284694552421570e+00,-1.192092895507812500e-07,-1.024454832077026367e-08,2.942979335784912109e-07,2.585700735449790955e+00,9.396400153636932373e-01,9.148309737443923950e+00,0.000000000000000000e+00,4.514913078397512436e+00,2.980232238769531250e-07,4.847500085830688477e+00,3.352761268615722656e-07,-7.450580596923828125e-09,-2.235174179077148438e-07,3.103538513183593750e+00,5.961737036705017090e-01,8.940696716308593750e-08,3.352761268615722656e-08,1.379938259720802307e+00,4.844829030334949493e-01,3.454370200634002686e-01,-8.344650268554687500e-07,1.192092895507812500e-07,3.725290298461914062e-09,3.159360297024250031e+00,1.005828380584716797e-07,-1.192092895507812500e-07,-1.117587089538574219e-08,2.537495877593755722e+00,-1.676380634307861328e-08,4.876945734024047852e+00,2.710995113477110863e+00,-4.768371582031250000e-07,-7.450580596923828125e-09,2.644956111907958984e-07,2.424490220844745636e+00,-8.195638656616210938e-08,9.536743164062500000e-07,2.465315002948045731e+00,7.357448339462280273e-08,2.915496857836842537e+00,6.519258022308349609e-09,1.862645149230957031e-08,2.235174179077148438e-08,1.868052557110786438e-01,3.405251204967498779e+00,2.332775354385375977e+00,-1.043081283569335938e-07,1.537079006433486938e+00,4.470348358154296875e-08,5.960464477539062500e-07,-1.639127731323242188e-07,1.635317511856555939e+00,1.490116119384765625e-08,2.830192625522613525e+00,1.116828443109989166e+01,-4.470348358154296875e-08,5.960464477539062500e-08,2.235174179077148438e-07,3.589535105973482132e+00,6.937481343746185303e+00,-1.788139343261718750e-07,-6.705522537231445312e-08,7.714058578014373779e+00,1.192092895507812500e-07,1.639127731323242188e-07,2.756442487239837646e+00,-3.278255462646484375e-07,9.866175524890422821e+00,-1.490116119384765625e-08,0.000000000000000000e+00,2.980232238769531250e-08,4.656612873077392578e-09,1.490116119384765625e-08,1.456993550062179565e+00,1.945379078388214111e+00,-8.940696716308593750e-08,-2.980232238769531250e-08,-1.192092895507812500e-07,6.854534149169921875e-07,1.862645149230957031e-09
